Keyword,Currency,Segmentation,Avg. monthly searches,Three month change,YoY change,Competition,Competition (indexed value),Top of page bid (low range),Top of page bid (high range),Ad impression share,Organic average position,Organic impression share,In Account,Searches: Dec 2020,Searches: Jan 2021,Searches: Feb 2021,Searches: Mar 2021,Searches: Apr 2021,Searches: May 2021,Searches: Jun 2021,Searches: Jul 2021,Searches: Aug 2021,Searches: Sep 2021,Searches: Oct 2021,Searches: Nov 2021
desarrollador,USD,,500000.0,0%,0%,Baja,1,"0,05","0,49",,,,,,,,,,,,,,,,
desarrolladores,USD,,500000.0,0%,0%,Baja,1,"0,05","0,49",,,,,,,,,,,,,,,,
aplicaciones web,USD,,50000.0,0%,0%,Baja,6,"0,14","0,67",,,,,,,,,,,,,,,,
desarrollador de software,USD,,50000.0,0%,0%,Baja,31,"0,22","1,01",,,,,,,,,,,,,,,,
desarrollador inmobiliario,USD,,50000.0,0%,0%,Baja,27,"0,19","0,80",,,,,,,,,,,,,,,,
desarrollador web,USD,,50000.0,0%,0%,Media,49,"0,41","2,00",,,,,,,,,,,,,,,,
desarrolladores de software,USD,,50000.0,0%,0%,Baja,31,"0,22","1,01",,,,,,,,,,,,,,,,
desarrolladores web,USD,,50000.0,0%,0%,Media,49,"0,41","2,00",,,,,,,,,,,,,,,,
desarrollo humano,USD,,50000.0,-90%,-90%,Baja,0,"0,01","0,19",,,,,,,,,,,,,,,,
desarrollo organizacional,USD,,50000.0,0%,0%,Baja,3,"0,18","0,67",,,,,,,,,,,,,,,,
programacion de software,USD,,50000.0,0%,0%,Baja,17,"0,25","1,78",,,,,,,,,,,,,,,,
que es desarrollador,USD,,50000.0,-90%,0%,Baja,0,"0,02","0,15",,,,,,,,,,,,,,,,
app programacion,USD,,5000.0,0%,0%,Media,49,"0,37","4,00",,,,,,,,,,,,,,,,
desarrollador android,USD,,5000.0,0%,0%,Media,40,"0,26","1,52",,,,,,,,,,,,,,,,
desarrollador app,USD,,5000.0,0%,0%,Media,63,"0,62","8,48",,,,,,,,,,,,,,,,
desarrollador backend,USD,,5000.0,0%,0%,Baja,30,"0,27","1,39",,,,,,,,,,,,,,,,
desarrollador comercial,USD,,5000.0,0%,900%,Baja,4,"0,07","0,48",,,,,,,,,,,,,,,,
desarrollador de aplicaciones,USD,,5000.0,0%,0%,Media,46,"0,43","4,65",,,,,,,,,,,,,,,,
desarrollador de aplicaciones multiplataforma,USD,,5000.0,0%,0%,Media,44,"0,71","2,66",,,,,,,,,,,,,,,,
desarrollador de aplicaciones móviles,USD,,5000.0,0%,0%,Media,50,"0,45","8,06",,,,,,,,,,,,,,,,
desarrollador de aplicaciones web,USD,,5000.0,0%,0%,Media,38,"0,56","2,76",,,,,,,,,,,,,,,,
desarrollador de apps,USD,,5000.0,0%,0%,Media,64,"0,66","7,67",,,,,,,,,,,,,,,,
desarrollador de paginas web,USD,,5000.0,0%,0%,Media,59,"0,64","3,47",,,,,,,,,,,,,,,,
desarrollador de sistemas,USD,,5000.0,0%,0%,Baja,12,"0,21","0,91",,,,,,,,,,,,,,,,
desarrollador de software carrera,USD,,5000.0,0%,0%,Media,58,"0,18","0,82",,,,,,,,,,,,,,,,
desarrollador de videojuegos,USD,,5000.0,0%,0%,Media,34,"0,26","1,10",,,,,,,,,,,,,,,,
desarrollador en android,USD,,5000.0,0%,0%,Media,40,"0,26","1,52",,,,,,,,,,,,,,,,
desarrollador front end,USD,,5000.0,0%,0%,Media,43,"0,32","2,47",,,,,,,,,,,,,,,,
desarrollador full stack,USD,,5000.0,0%,0%,Media,56,"0,42","3,07",,,,,,,,,,,,,,,,
desarrollador fullstack,USD,,5000.0,0%,0%,Media,56,"0,42","3,07",,,,,,,,,,,,,,,,
desarrollador java,USD,,5000.0,0%,900%,Media,35,"0,26","1,06",,,,,,,,,,,,,,,,
desarrollador paginas web,USD,,5000.0,0%,0%,Media,56,"0,80","5,54",,,,,,,,,,,,,,,,
desarrollador web carrera,USD,,5000.0,0%,900%,Media,60,"0,27","1,31",,,,,,,,,,,,,,,,
desarrollador web empleo,USD,,5000.0,0%,0%,Baja,26,"0,20","1,00",,,,,,,,,,,,,,,,
desarrollador web full stack,USD,,5000.0,0%,900%,Alta,74,"0,44","3,01",,,,,,,,,,,,,,,,
desarrolladores de app,USD,,5000.0,0%,0%,Media,64,"0,66","7,67",,,,,,,,,,,,,,,,
desarrolladores de apps,USD,,5000.0,0%,0%,Media,64,"0,66","7,67",,,,,,,,,,,,,,,,
desarrolladores front end,USD,,5000.0,0%,0%,Media,43,"0,32","2,47",,,,,,,,,,,,,,,,
diseñador de app,USD,,5000.0,0%,0%,Media,38,"0,41","4,00",,,,,,,,,,,,,,,,
diseñador de software,USD,,5000.0,0%,0%,Baja,12,"0,18","0,74",,,,,,,,,,,,,,,,
diseño apps,USD,,5000.0,0%,0%,Media,41,"0,36","4,00",,,,,,,,,,,,,,,,
diseño de aplicaciones,USD,,5000.0,0%,0%,Baja,31,"0,30","2,12",,,,,,,,,,,,,,,,
gta v desarrolladores,USD,,5000.0,0%,900%,Baja,0,,,,,,,,,,,,,,,,,,
programacion android,USD,,5000.0,0%,0%,Media,48,"0,34","17,25",,,,,,,,,,,,,,,,
programacion app,USD,,5000.0,0%,0%,Media,49,"0,37","4,00",,,,,,,,,,,,,,,,
programacion de videojuegos,USD,,5000.0,0%,0%,Media,41,"0,29","1,14",,,,,,,,,,,,,,,,
programacion en android,USD,,5000.0,0%,0%,Media,48,"0,34","17,25",,,,,,,,,,,,,,,,
programacion front end,USD,,5000.0,0%,900%,Media,38,"0,25","1,73",,,,,,,,,,,,,,,,
programacion web,USD,,5000.0,0%,0%,Media,35,"0,33","1,58",,,,,,,,,,,,,,,,
programación web,USD,,5000.0,0%,0%,Media,35,"0,33","1,58",,,,,,,,,,,,,,,,
programador freelance,USD,,5000.0,0%,0%,Media,64,"0,29","1,94",,,,,,,,,,,,,,,,
programador frontend,USD,,5000.0,0%,900%,Media,38,"0,25","1,73",,,,,,,,,,,,,,,,
programador videojuegos,USD,,5000.0,0%,0%,Media,43,"0,32","1,46",,,,,,,,,,,,,,,,
programador web,USD,,5000.0,0%,0%,Media,52,"0,37","1,78",,,,,,,,,,,,,,,,
programadores de videojuegos,USD,,5000.0,0%,0%,Media,37,"0,24","1,01",,,,,,,,,,,,,,,,
programadores web,USD,,5000.0,0%,0%,Media,52,"0,37","1,78",,,,,,,,,,,,,,,,
que es desarrollador web,USD,,5000.0,0%,0%,Baja,23,"0,16","1,16",,,,,,,,,,,,,,,,
aeat desarrolladores,USD,,500.0,0%,0%,Baja,0,,,,,,,,,,,,,,,,,,
ajax programacion web,USD,,500.0,0%,0%,Baja,6,"0,30","1,62",,,,,,,,,,,,,,,,
amazon para desarrolladores,USD,,500.0,0%,900%,Baja,26,"0,20","0,78",,,,,,,,,,,,,,,,
android studio desde cero,USD,,500.0,0%,0%,Baja,17,"0,29","1,15",,,,,,,,,,,,,,,,
aplicaciones multiplataforma,USD,,500.0,-90%,0%,Baja,17,"0,42","2,00",,,,,,,,,,,,,,,,
aplicaciones web con python,USD,,500.0,0%,0%,Baja,22,"0,23","1,19",,,,,,,,,,,,,,,,
app inventor desarrollador,USD,,500.0,0%,∞,Baja,1,,,,,,,,,,,,,,,,,,
app multiplataforma,USD,,500.0,0%,0%,Baja,15,"0,19","1,09",,,,,,,,,,,,,,,,
apps multiplataforma,USD,,500.0,0%,0%,Baja,15,"0,19","1,09",,,,,,,,,,,,,,,,
backend programacion,USD,,500.0,0%,900%,Baja,23,"0,21","1,24",,,,,,,,,,,,,,,,
bootstrap desarrollador,USD,,500.0,0%,∞,Baja,1,"0,34","1,06",,,,,,,,,,,,,,,,
brawl stars desarrollador,USD,,500.0,0%,900%,Baja,0,,,,,,,,,,,,,,,,,,
carrera de desarrollador web,USD,,500.0,0%,0%,Alta,70,"0,26","1,27",,,,,,,,,,,,,,,,
carrera de software,USD,,500.0,0%,0%,Baja,33,"0,14","0,84",,,,,,,,,,,,,,,,
carrera software,USD,,500.0,-90%,0%,Media,43,"0,15","0,91",,,,,,,,,,,,,,,,
coderhouse full stack,USD,,500.0,0%,900%,Media,64,"0,35","1,35",,,,,,,,,,,,,,,,
construcción de software,USD,,500.0,0%,0%,Baja,14,"0,24","1,09",,,,,,,,,,,,,,,,
creamos tu app,USD,,500.0,0%,0%,Alta,69,"0,56","7,65",,,,,,,,,,,,,,,,
cuanto gana un desarrollador de software en colombia,USD,,500.0,0%,0%,Baja,19,"0,20","0,86",,,,,,,,,,,,,,,,
cuanto gana un desarrollador de software en estados unidos,USD,,500.0,0%,0%,Baja,8,"0,16","0,85",,,,,,,,,,,,,,,,
cuanto gana un desarrollador web en argentina,USD,,500.0,0%,0%,Media,58,"0,18","0,57",,,,,,,,,,,,,,,,
cuenta desarrollador apple,USD,,500.0,0%,0%,Baja,1,"0,35","1,92",,,,,,,,,,,,,,,,
cuenta desarrollador google play,USD,,500.0,0%,0%,Baja,16,"0,27","326,98",,,,,,,,,,,,,,,,
desarrollador abap,USD,,500.0,0%,0%,Baja,19,"0,19","1,25",,,,,,,,,,,,,,,,
desarrollador angular,USD,,500.0,0%,0%,Baja,31,"0,27","2,15",,,,,,,,,,,,,,,,
desarrollador aplicaciones,USD,,500.0,0%,0%,Media,51,"0,51","5,47",,,,,,,,,,,,,,,,
desarrollador aplicaciones web,USD,,500.0,-90%,0%,Media,44,"0,72","3,41",,,,,,,,,,,,,,,,
desarrollador app movil,USD,,500.0,0%,0%,Media,61,"0,75","6,31",,,,,,,,,,,,,,,,
desarrollador apple,USD,,500.0,0%,0%,Baja,8,"0,34","2,83",,,,,,,,,,,,,,,,
desarrollador back end,USD,,500.0,0%,0%,Media,34,"0,28","1,61",,,,,,,,,,,,,,,,
desarrollador bi,USD,,500.0,0%,900%,Baja,32,"0,25","1,53",,,,,,,,,,,,,,,,
desarrollador cobol,USD,,500.0,-90%,0%,Baja,28,"0,18","1,00",,,,,,,,,,,,,,,,
desarrollador de apps moviles,USD,,500.0,0%,0%,Media,62,"0,61","8,45",,,,,,,,,,,,,,,,
desarrollador de linux,USD,,500.0,0%,0%,Baja,4,"0,11","1,84",,,,,,,,,,,,,,,,
desarrollador de software sena,USD,,500.0,0%,0%,Baja,30,"0,17","0,39",,,,,,,,,,,,,,,,
desarrollador de software sueldo,USD,,500.0,0%,0%,Baja,27,"0,17","0,86",,,,,,,,,,,,,,,,
desarrollador de web,USD,,500.0,0%,0%,Media,48,"0,39","2,07",,,,,,,,,,,,,,,,
desarrollador de windows,USD,,500.0,0%,0%,Baja,1,"0,17","0,40",,,,,,,,,,,,,,,,
desarrollador empresarial no confiable,USD,,500.0,0%,0%,Baja,7,"0,25","1,01",,,,,,,,,,,,,,,,
desarrollador empresarial no fiable,USD,,500.0,0%,0%,Baja,3,"0,48","1,16",,,,,,,,,,,,,,,,
desarrollador en excel,USD,,500.0,0%,0%,Baja,4,"0,25","1,46",,,,,,,,,,,,,,,,
desarrollador en ingles,USD,,500.0,0%,0%,Baja,2,"0,16","1,56",,,,,,,,,,,,,,,,
desarrollador flutter,USD,,500.0,0%,0%,Baja,22,"0,42","3,28",,,,,,,,,,,,,,,,
desarrollador freelance,USD,,500.0,0%,0%,Media,55,"0,25","1,72",,,,,,,,,,,,,,,,
desarrollador front end jr,USD,,500.0,0%,0%,Baja,21,"0,10","1,00",,,,,,,,,,,,,,,,
desarrollador front end junior,USD,,500.0,0%,0%,Baja,21,"0,10","1,00",,,,,,,,,,,,,,,,
desarrollador front end sueldo,USD,,500.0,0%,0%,Media,35,"0,18","1,00",,,,,,,,,,,,,,,,
desarrollador full stack sueldo,USD,,500.0,0%,0%,Media,54,"0,26","1,44",,,,,,,,,,,,,,,,
desarrollador grafico,USD,,500.0,0%,0%,Baja,3,"0,14","0,91",,,,,,,,,,,,,,,,
desarrollador ios,USD,,500.0,0%,0%,Baja,30,"0,33","2,30",,,,,,,,,,,,,,,,
desarrollador it,USD,,500.0,0%,0%,Media,34,"0,19","0,87",,,,,,,,,,,,,,,,
desarrollador java curso,USD,,500.0,0%,0%,Alta,86,"0,40","2,07",,,,,,,,,,,,,,,,
desarrollador java junior,USD,,500.0,0%,0%,Baja,12,"0,23","1,05",,,,,,,,,,,,,,,,
desarrollador javascript,USD,,500.0,0%,0%,Media,41,"0,34","1,37",,,,,,,,,,,,,,,,
desarrollador jr,USD,,500.0,0%,0%,Baja,14,"0,16","1,00",,,,,,,,,,,,,,,,
desarrollador junior,USD,,500.0,0%,0%,Baja,15,"0,11","0,66",,,,,,,,,,,,,,,,
desarrollador junior sin experiencia,USD,,500.0,0%,0%,Baja,18,"0,09","0,70",,,,,,,,,,,,,,,,
desarrollador linux,USD,,500.0,0%,0%,Baja,3,"0,12","0,62",,,,,,,,,,,,,,,,
desarrollador magento,USD,,500.0,0%,0%,Media,53,"0,61","6,76",,,,,,,,,,,,,,,,
desarrollador mobile,USD,,500.0,0%,0%,Media,41,"0,32","1,65",,,,,,,,,,,,,,,,
desarrollador movil,USD,,500.0,0%,900%,Baja,20,"0,34","1,68",,,,,,,,,,,,,,,,
desarrollador multimedia,USD,,500.0,0%,0%,Baja,5,"0,16","0,59",,,,,,,,,,,,,,,,
desarrollador net,USD,,500.0,0%,0%,Baja,32,"0,22","1,09",,,,,,,,,,,,,,,,
desarrollador no confiable iphone,USD,,500.0,0%,0%,Baja,1,"0,32","0,91",,,,,,,,,,,,,,,,
desarrollador no identificado mac,USD,,500.0,0%,0%,Baja,0,,,,,,,,,,,,,,,,,,
desarrollador node js,USD,,500.0,-90%,0%,Baja,30,"0,32","5,81",,,,,,,,,,,,,,,,
desarrollador o programador,USD,,500.0,0%,0%,Baja,23,"0,20","0,97",,,,,,,,,,,,,,,,
desarrollador php,USD,,500.0,0%,0%,Media,36,"0,24","1,25",,,,,,,,,,,,,,,,
desarrollador play store,USD,,500.0,-90%,0%,Baja,2,"0,06","1,70",,,,,,,,,,,,,,,,
desarrollador python,USD,,500.0,0%,0%,Media,39,"0,31","1,17",,,,,,,,,,,,,,,,
desarrollador python junior,USD,,500.0,0%,900%,Baja,15,"0,14","0,81",,,,,,,,,,,,,,,,
desarrollador react,USD,,500.0,0%,0%,Media,43,"0,27","2,09",,,,,,,,,,,,,,,,
desarrollador rpa,USD,,500.0,0%,0%,Media,41,"0,28","1,60",,,,,,,,,,,,,,,,
desarrollador salesforce,USD,,500.0,0%,0%,Media,47,"0,57","4,69",,,,,,,,,,,,,,,,
desarrollador sap,USD,,500.0,0%,0%,Baja,33,"0,19","1,73",,,,,,,,,,,,,,,,
desarrollador senior,USD,,500.0,0%,0%,Baja,11,"0,22","1,00",,,,,,,,,,,,,,,,
desarrollador sin experiencia,USD,,500.0,0%,0%,Baja,17,"0,24","1,00",,,,,,,,,,,,,,,,
desarrollador sinonimo,USD,,500.0,0%,0%,Baja,0,,,,,,,,,,,,,,,,,,
desarrollador software,USD,,500.0,0%,0%,Media,50,"0,34","2,80",,,,,,,,,,,,,,,,
desarrollador sql,USD,,500.0,0%,900%,Baja,26,"0,20","1,16",,,,,,,,,,,,,,,,
desarrollador trainee,USD,,500.0,0%,0%,Media,41,"0,22","1,19",,,,,,,,,,,,,,,,
desarrollador vs programador,USD,,500.0,0%,0%,Baja,16,"0,16","0,82",,,,,,,,,,,,,,,,
desarrollador web freelance,USD,,500.0,0%,0%,Media,64,"0,34","2,76",,,,,,,,,,,,,,,,
desarrollador web front end,USD,,500.0,0%,0%,Media,43,"0,39","2,95",,,,,,,,,,,,,,,,
desarrollador web frontend,USD,,500.0,0%,0%,Media,43,"0,39","2,95",,,,,,,,,,,,,,,,
desarrollador web jr,USD,,500.0,0%,0%,Baja,16,"0,26","1,00",,,,,,,,,,,,,,,,
desarrollador web junior,USD,,500.0,0%,0%,Baja,21,"0,25","1,39",,,,,,,,,,,,,,,,
desarrollador web junior sin experiencia,USD,,500.0,0%,900%,Baja,26,"0,21","1,00",,,,,,,,,,,,,,,,
desarrollador web madrid,USD,,500.0,0%,0%,Media,44,"2,75","7,16",,,,,,,,,,,,,,,,
desarrollador web salario,USD,,500.0,0%,0%,Baja,15,"0,24","1,30",,,,,,,,,,,,,,,,
desarrollador web sin experiencia,USD,,500.0,0%,0%,Media,38,"0,25","1,14",,,,,,,,,,,,,,,,
desarrollador web sueldo,USD,,500.0,0%,0%,Media,34,"0,20","1,00",,,,,,,,,,,,,,,,
desarrolladores de google,USD,,500.0,0%,0%,Baja,9,"0,22","1,02",,,,,,,,,,,,,,,,
desarrolladores de sitios web,USD,,500.0,0%,0%,Media,51,"0,49","2,89",,,,,,,,,,,,,,,,
desarrolladores informaticos,USD,,500.0,0%,0%,Baja,17,"0,29","1,59",,,,,,,,,,,,,,,,
diseño aplicaciones,USD,,500.0,0%,0%,Baja,31,"0,34","4,00",,,,,,,,,,,,,,,,
diseño aplicaciones moviles,USD,,500.0,0%,0%,Media,51,"0,49","5,14",,,,,,,,,,,,,,,,
diseño aplicaciones web,USD,,500.0,0%,0%,Baja,32,"0,58","2,87",,,,,,,,,,,,,,,,
diseño de aplicaciones moviles,USD,,500.0,0%,0%,Media,47,"0,34","4,62",,,,,,,,,,,,,,,,
diseño de aplicaciones web,USD,,500.0,0%,0%,Baja,26,"0,34","2,92",,,,,,,,,,,,,,,,
diseño de software carrera,USD,,500.0,0%,900%,Media,51,"0,18","0,77",,,,,,,,,,,,,,,,
diseño de software pdf,USD,,500.0,900%,0%,Baja,5,"0,06","0,32",,,,,,,,,,,,,,,,
diseño web y movil,USD,,500.0,0%,0%,Baja,17,"0,28","1,38",,,,,,,,,,,,,,,,
donde estudiar desarrollador de software,USD,,500.0,0%,0%,Alta,70,"0,25","1,12",,,,,,,,,,,,,,,,
donde estudiar desarrollador web,USD,,500.0,0%,0%,Alta,67,"0,39","1,66",,,,,,,,,,,,,,,,
flutter programacion,USD,,500.0,0%,0%,Baja,29,"0,23","2,41",,,,,,,,,,,,,,,,
freelance programador web,USD,,500.0,0%,0%,Media,66,"0,56","3,93",,,,,,,,,,,,,,,,
google desarrollador,USD,,500.0,0%,0%,Baja,12,"0,17","1,25",,,,,,,,,,,,,,,,
grupo desarrollador 3000,USD,,500.0,0%,0%,Baja,1,"0,14","0,36",,,,,,,,,,,,,,,,
ifcd0210,USD,,500.0,0%,0%,Baja,3,"0,49","1,27",,,,,,,,,,,,,,,,
jira desarrollador,USD,,500.0,0%,∞,Baja,1,"0,35","1,49",,,,,,,,,,,,,,,,
moodle desarrollador,USD,,500.0,0%,∞,Baja,8,,,,,,,,,,,,,,,,,,
prezi desarrollador,USD,,500.0,0%,9900%,Baja,0,,,,,,,,,,,,,,,,,,
programacion backend,USD,,500.0,0%,0%,Media,40,"0,21","1,23",,,,,,,,,,,,,,,,
programacion de aplicaciones moviles,USD,,500.0,0%,0%,Media,62,"0,47","8,70",,,,,,,,,,,,,,,,
programacion de app,USD,,500.0,0%,0%,Media,53,"0,55","6,48",,,,,,,,,,,,,,,,
programacion de apps,USD,,500.0,0%,0%,Media,53,"0,55","6,48",,,,,,,,,,,,,,,,
programacion de dispositivos moviles,USD,,500.0,0%,0%,Baja,8,"0,27","1,64",,,,,,,,,,,,,,,,
programacion de paginas web,USD,,500.0,0%,0%,Media,48,"0,29","1,46",,,,,,,,,,,,,,,,
programacion full stack,USD,,500.0,0%,0%,Alta,79,"0,42","2,20",,,,,,,,,,,,,,,,
programacion ios,USD,,500.0,0%,0%,Media,40,"0,29","1,07",,,,,,,,,,,,,,,,
programacion movil,USD,,500.0,0%,0%,Baja,18,"0,31","1,18",,,,,,,,,,,,,,,,
programacion multiplataforma,USD,,500.0,0%,900%,Baja,12,"0,44","1,43",,,,,,,,,,,,,,,,
programacion paginas web,USD,,500.0,0%,0%,Media,51,"0,43","3,45",,,,,,,,,,,,,,,,
programacion para android,USD,,500.0,0%,0%,Media,58,"0,29","5,75",,,,,,,,,,,,,,,,
programacion para videojuegos,USD,,500.0,0%,900%,Media,56,"0,23","0,94",,,,,,,,,,,,,,,,
programacion software,USD,,500.0,-90%,0%,Media,34,"0,19","1,45",,,,,,,,,,,,,,,,
programacion web con python,USD,,500.0,0%,0%,Media,47,"0,27","1,48",,,,,,,,,,,,,,,,
programacion web desde cero,USD,,500.0,0%,0%,Alta,71,"0,38","2,33",,,,,,,,,,,,,,,,
programacion web full stack,USD,,500.0,0%,0%,Alta,87,"0,38","2,09",,,,,,,,,,,,,,,,
programacion y diseño web,USD,,500.0,0%,0%,Media,63,"0,37","1,74",,,,,,,,,,,,,,,,
programación web full stack,USD,,500.0,0%,0%,Alta,87,"0,38","2,09",,,,,,,,,,,,,,,,
programador android,USD,,500.0,0%,0%,Media,56,"0,32","1,51",,,,,,,,,,,,,,,,
programador backend,USD,,500.0,0%,0%,Baja,32,"0,26","1,23",,,,,,,,,,,,,,,,
programador de aplicaciones,USD,,500.0,0%,0%,Media,44,"0,42","4,00",,,,,,,,,,,,,,,,
programador de aplicaciones moviles,USD,,500.0,0%,0%,Alta,72,"0,55","4,00",,,,,,,,,,,,,,,,
programador de apps,USD,,500.0,0%,0%,Alta,71,"0,66","5,30",,,,,,,,,,,,,,,,
programador de paginas web,USD,,500.0,0%,0%,Alta,80,"0,48","2,92",,,,,,,,,,,,,,,,
programador de software carrera,USD,,500.0,0%,0%,Media,66,"0,18","0,74",,,,,,,,,,,,,,,,
programador frontend junior,USD,,500.0,0%,900%,Baja,25,"0,14","0,91",,,,,,,,,,,,,,,,
programador full stack junior,USD,,500.0,0%,900%,Alta,70,"0,30","1,43",,,,,,,,,,,,,,,,
programador laravel,USD,,500.0,0%,0%,Media,40,"0,27","1,48",,,,,,,,,,,,,,,,
programador web carrera,USD,,500.0,0%,0%,Alta,80,"0,33","1,29",,,,,,,,,,,,,,,,
programador web full stack,USD,,500.0,0%,0%,Alta,77,"0,40","2,17",,,,,,,,,,,,,,,,
programador web full stack junior,USD,,500.0,-90%,∞,Alta,85,"0,21","1,23",,,,,,,,,,,,,,,,
python aplicaciones,USD,,500.0,0%,0%,Baja,18,"0,17","0,72",,,,,,,,,,,,,,,,
que es desarrollador front end,USD,,500.0,0%,900%,Baja,22,"0,13","1,29",,,,,,,,,,,,,,,,
react desarrollador,USD,,500.0,0%,∞,Baja,5,"0,44","1,92",,,,,,,,,,,,,,,,
software agil,USD,,500.0,0%,900%,Baja,32,"0,23","2,55",,,,,,,,,,,,,,,,
software personalizado,USD,,500.0,0%,0%,Baja,33,"0,37","1,89",,,,,,,,,,,,,,,,
stack programacion,USD,,500.0,0%,0%,Baja,5,"0,13","0,40",,,,,,,,,,,,,,,,
visual studio code desarrollador,USD,,500.0,-90%,∞,Baja,1,"0,11","0,92",,,,,,,,,,,,,,,,
wordpress desarrollador,USD,,500.0,0%,900%,Baja,21,"0,44","2,87",,,,,,,,,,,,,,,,
a&l desarrolladora,USD,,50.0,0%,0%,Baja,0,,,,,,,,,,,,,,,,,,
acamica full stack,USD,,50.0,0%,0%,Alta,70,"0,38","1,53",,,,,,,,,,,,,,,,
angular desarrollador,USD,,50.0,0%,∞,Baja,3,"0,80","2,90",,,,,,,,,,,,,,,,
aplicaciones de javascript,USD,,50.0,0%,0%,Baja,4,,,,,,,,,,,,,,,,,,
aplicaciones full stack javascript trainee,USD,,50.0,900%,900%,Media,55,"0,45","1,55",,,,,,,,,,,,,,,,
aplicaciones moviles con python,USD,,50.0,0%,0%,Baja,26,"0,24","0,61",,,,,,,,,,,,,,,,
barrio w desarrollador,USD,,50.0,0%,0%,Baja,29,"0,28","0,58",,,,,,,,,,,,,,,,
brainly desarrollador,USD,,50.0,∞,∞,Baja,0,,,,,,,,,,,,,,,,,,
carrera full stack,USD,,50.0,0%,0%,Alta,83,"0,33","1,84",,,,,,,,,,,,,,,,
carrera full stack developer,USD,,50.0,0%,0%,Alta,90,"0,52","3,93",,,,,,,,,,,,,,,,
competencias de un desarrollador de software,USD,,50.0,0%,0%,Baja,13,"0,18","0,99",,,,,,,,,,,,,,,,
cual es el desarrollador de android,USD,,50.0,0%,0%,Baja,4,,,,,,,,,,,,,,,,,,
cuando los desarrolladores intentan crear sus propias aplicaciones de seguridad,USD,,50.0,0%,0%,Baja,0,,,,,,,,,,,,,,,,,,
cuanto gana desarrollador de software,USD,,50.0,0%,0%,Baja,12,"0,17","0,38",,,,,,,,,,,,,,,,
cuanto gana desarrollador web,USD,,50.0,0%,0%,Media,35,"0,16","0,98",,,,,,,,,,,,,,,,
cuenta desarrollador apple gratis,USD,,50.0,0%,0%,Baja,1,,,,,,,,,,,,,,,,,,
cuenta desarrollador google,USD,,50.0,0%,-90%,Baja,15,"0,53","161,46",,,,,,,,,,,,,,,,
cuenta desarrollador microsoft,USD,,50.0,0%,0%,Baja,1,,,,,,,,,,,,,,,,,,
cuenta desarrollador oculus,USD,,50.0,0%,∞,Baja,3,,,,,,,,,,,,,,,,,,
cuenta desarrollador samsung smart tv,USD,,50.0,0%,0%,Baja,4,,,,,,,,,,,,,,,,,,
cuenta desarrollador twitter,USD,,50.0,0%,0%,Baja,4,,,,,,,,,,,,,,,,,,
de que se encarga un desarrollador web,USD,,50.0,∞,∞,Baja,13,"0,22","0,96",,,,,,,,,,,,,,,,
desarrollador 20,USD,,50.0,0%,∞,Alta,100,,,,,,,,,,,,,,,,,,
desarrollador 3000,USD,,50.0,0%,0%,Baja,5,,,,,,,,,,,,,,,,,,
desarrollador 3d,USD,,50.0,0%,0%,Baja,21,"0,13","1,30",,,,,,,,,,,,,,,,
desarrollador 5 estrellas,USD,,50.0,0%,0%,Baja,10,,,,,,,,,,,,,,,,,,
desarrollador a full stack,USD,,50.0,0%,∞,Media,61,"0,83","3,87",,,,,,,,,,,,,,,,
desarrollador android 10,USD,,50.0,0%,0%,Baja,21,"0,09","0,72",,,,,,,,,,,,,,,,
desarrollador android 9,USD,,50.0,0%,0%,Baja,0,,,,,,,,,,,,,,,,,,
desarrollador backend sueldo,USD,,50.0,900%,900%,Media,35,"0,20","1,03",,,,,,,,,,,,,,,,
desarrollador backend y frontend,USD,,50.0,0%,0%,Baja,16,"0,20","1,18",,,,,,,,,,,,,,,,
desarrollador big data,USD,,50.0,0%,0%,Media,40,"0,65","3,53",,,,,,,,,,,,,,,,
desarrollador big data funciones,USD,,50.0,0%,0%,Baja,22,"0,23","0,96",,,,,,,,,,,,,,,,
desarrollador c,USD,,50.0,0%,0%,Baja,16,"0,19","0,96",,,,,,,,,,,,,,,,
desarrollador c#,USD,,50.0,0%,-90%,Baja,19,"0,29","1,22",,,,,,,,,,,,,,,,
desarrollador c++,USD,,50.0,0%,0%,Baja,25,"0,14","0,96",,,,,,,,,,,,,,,,
desarrollador carrera,USD,,50.0,0%,900%,Media,48,"0,26","1,10",,,,,,,,,,,,,,,,
desarrollador chrome,USD,,50.0,0%,0%,Baja,5,,,,,,,,,,,,,,,,,,
desarrollador cloud,USD,,50.0,0%,0%,Media,44,"0,26","1,79",,,,,,,,,,,,,,,,
desarrollador confianza iphone,USD,,50.0,0%,0%,Baja,2,,,,,,,,,,,,,,,,,,
desarrollador de aplicaciones sueldo,USD,,50.0,0%,0%,Media,42,"0,28","1,94",,,,,,,,,,,,,,,,
desarrollador de backend,USD,,50.0,0%,900%,Baja,27,"0,25","1,48",,,,,,,,,,,,,,,,
desarrollador de contenidos móviles,USD,,50.0,0%,0%,Baja,32,"1,18","2,90",,,,,,,,,,,,,,,,
desarrollador de ios,USD,,50.0,-90%,0%,Baja,25,"0,38","2,24",,,,,,,,,,,,,,,,
desarrollador de python,USD,,50.0,0%,0%,Baja,23,"0,22","1,38",,,,,,,,,,,,,,,,
desarrollador de salesforce,USD,,50.0,0%,900%,Baja,19,"1,06","6,03",,,,,,,,,,,,,,,,
desarrollador de software sin experiencia,USD,,50.0,0%,0%,Baja,30,"0,24","1,00",,,,,,,,,,,,,,,,
desarrollador de solaris,USD,,50.0,0%,0%,Baja,4,,,,,,,,,,,,,,,,,,
desarrollador desde casa,USD,,50.0,0%,0%,Baja,25,,,,,,,,,,,,,,,,,,
desarrollador devops,USD,,50.0,0%,0%,Media,52,"0,28","1,80",,,,,,,,,,,,,,,,
desarrollador e commerce,USD,,50.0,0%,0%,Media,51,"0,74","6,63",,,,,,,,,,,,,,,,
desarrollador e learning,USD,,50.0,0%,0%,Media,65,"0,48","2,38",,,,,,,,,,,,,,,,
desarrollador empresarial no confiable iphone solucion,USD,,50.0,0%,0%,Baja,8,,,,,,,,,,,,,,,,,,
desarrollador en excel 2007,USD,,50.0,0%,0%,Baja,0,,,,,,,,,,,,,,,,,,
desarrollador en huawei,USD,,50.0,0%,0%,Baja,2,,,,,,,,,,,,,,,,,,
desarrollador en word,USD,,50.0,900%,0%,Baja,0,,,,,,,,,,,,,,,,,,
desarrollador en xiaomi,USD,,50.0,0%,0%,Baja,3,,,,,,,,,,,,,,,,,,
desarrollador excel 2007,USD,,50.0,0%,0%,Baja,3,,,,,,,,,,,,,,,,,,
desarrollador excel 2010,USD,,50.0,0%,0%,Baja,6,,,,,,,,,,,,,,,,,,
desarrollador excel 2013,USD,,50.0,0%,0%,Baja,0,,,,,,,,,,,,,,,,,,
desarrollador excel 2016,USD,,50.0,0%,0%,Baja,0,,,,,,,,,,,,,,,,,,
desarrollador excel 2019,USD,,50.0,0%,0%,Baja,0,,,,,,,,,,,,,,,,,,
desarrollador front,USD,,50.0,0%,0%,Media,36,"0,52","2,06",,,,,,,,,,,,,,,,
desarrollador front end sin experiencia,USD,,50.0,0%,900%,Media,35,"0,16","1,00",,,,,,,,,,,,,,,,
desarrollador front end y back end,USD,,50.0,0%,0%,Baja,25,"0,29","1,11",,,,,,,,,,,,,,,,
desarrollador full stack con net,USD,,50.0,-100%,-100%,,,,,,,,,,,,,,,,,,,,
desarrollador full stack funciones,USD,,50.0,0%,0%,Media,33,"0,34","1,58",,,,,,,,,,,,,,,,
desarrollador full stack junior,USD,,50.0,0%,900%,Media,56,"0,35","2,48",,,,,,,,,,,,,,,,
desarrollador genexus,USD,,50.0,0%,0%,Baja,27,"0,18","0,96",,,,,,,,,,,,,,,,
desarrollador gis,USD,,50.0,0%,0%,Media,46,"0,22","0,94",,,,,,,,,,,,,,,,
desarrollador go,USD,,50.0,0%,0%,Baja,16,"0,25","1,00",,,,,,,,,,,,,,,,
desarrollador golang,USD,,50.0,0%,0%,Baja,19,"0,14","0,80",,,,,,,,,,,,,,,,
desarrollador home office,USD,,50.0,0%,0%,Baja,21,"0,19","0,80",,,,,,,,,,,,,,,,
desarrollador html,USD,,50.0,0%,0%,Baja,17,"0,38","1,00",,,,,,,,,,,,,,,,
desarrollador huawei,USD,,50.0,0%,0%,Baja,1,,,,,,,,,,,,,,,,,,
desarrollador indie,USD,,50.0,0%,0%,Baja,11,"0,20","1,35",,,,,,,,,,,,,,,,
desarrollador inmobiliario a nine,USD,,50.0,0%,0%,,,,,,,,,,,,,,,,,,,,
desarrollador ios sueldo,USD,,50.0,0%,∞,Baja,8,"0,12","1,00",,,,,,,,,,,,,,,,
desarrollador iphone,USD,,50.0,0%,0%,Baja,10,"0,28","1,26",,,,,,,,,,,,,,,,
desarrollador java full stack,USD,,50.0,0%,0%,Media,54,"0,39","2,49",,,,,,,,,,,,,,,,
desarrollador java sin experiencia,USD,,50.0,0%,900%,Baja,26,"0,27","1,00",,,,,,,,,,,,,,,,
desarrollador junior sueldo,USD,,50.0,0%,0%,Baja,15,"0,09","0,25",,,,,,,,,,,,,,,,
desarrollador kotlin,USD,,50.0,0%,0%,Media,45,"0,24","5,75",,,,,,,,,,,,,,,,
desarrollador laravel,USD,,50.0,0%,0%,Baja,31,"0,18","1,21",,,,,,,,,,,,,,,,
desarrollador laravel remoto,USD,,50.0,0%,0%,Media,46,"0,26","11,07",,,,,,,,,,,,,,,,
desarrollador lider,USD,,50.0,0%,0%,Baja,0,,,,,,,,,,,,,,,,,,
desarrollador liferay,USD,,50.0,0%,0%,Baja,18,"0,26","1,00",,,,,,,,,,,,,,,,
desarrollador mern,USD,,50.0,0%,∞,Media,37,"0,27","2,11",,,,,,,,,,,,,,,,
desarrollador moodle,USD,,50.0,0%,-90%,Media,39,"0,36","1,67",,,,,,,,,,,,,,,,
desarrollador movil android,USD,,50.0,0%,0%,Baja,33,"0,53","2,89",,,,,,,,,,,,,,,,
desarrollador multiplataforma,USD,,50.0,0%,0%,Baja,24,"0,46","1,79",,,,,,,,,,,,,,,,
desarrollador no fiable,USD,,50.0,0%,0%,Baja,14,"1,15","2,45",,,,,,,,,,,,,,,,
desarrollador no fiable iphone,USD,,50.0,0%,0%,Baja,2,,,,,,,,,,,,,,,,,,
desarrollador o técnico de domótica,USD,,50.0,-100%,-100%,,,,,,,,,,,,,,,,,,,,
desarrollador oculus,USD,,50.0,0%,∞,Baja,12,"0,58","2,89",,,,,,,,,,,,,,,,
desarrollador odoo,USD,,50.0,0%,0%,Media,37,"0,28","1,51",,,,,,,,,,,,,,,,
desarrollador oracle,USD,,50.0,0%,0%,Baja,18,"0,25","1,02",,,,,,,,,,,,,,,,
desarrollador oracle pl sql,USD,,50.0,0%,0%,Baja,14,,,,,,,,,,,,,,,,,,
desarrollador para android,USD,,50.0,0%,0%,Media,56,"0,27","3,92",,,,,,,,,,,,,,,,
desarrollador pl sql,USD,,50.0,0%,0%,Baja,21,"0,16","1,00",,,,,,,,,,,,,,,,
desarrollador power bi,USD,,50.0,0%,0%,Media,52,"0,30","1,05",,,,,,,,,,,,,,,,
desarrollador progress 4gl,USD,,50.0,-100%,-100%,,,,,,,,,,,,,,,,,,,,
desarrollador python sin experiencia,USD,,50.0,0%,0%,Baja,29,"0,27","1,68",,,,,,,,,,,,,,,,
desarrollador python sueldo,USD,,50.0,0%,∞,Baja,27,"0,18","1,00",,,,,,,,,,,,,,,,
desarrollador qa,USD,,50.0,0%,0%,Baja,12,"0,32","2,80",,,,,,,,,,,,,,,,
desarrollador qlikview,USD,,50.0,0%,0%,Media,48,"0,28","1,00",,,,,,,,,,,,,,,,
desarrollador que comete un delito y utiliza como medio internet,USD,,50.0,0%,-100%,,,,,,,,,,,,,,,,,,,,
desarrollador que es,USD,,50.0,0%,0%,Baja,9,"0,10","0,29",,,,,,,,,,,,,,,,
desarrollador rae,USD,,50.0,0%,0%,Baja,0,,,,,,,,,,,,,,,,,,
desarrollador react native,USD,,50.0,-90%,0%,Media,48,"0,63","17,62",,,,,,,,,,,,,,,,
desarrollador realidad virtual,USD,,50.0,900%,900%,Media,43,"0,22","1,03",,,,,,,,,,,,,,,,
desarrollador redmi note 7,USD,,50.0,0%,0%,Baja,3,,,,,,,,,,,,,,,,,,
desarrollador remoto,USD,,50.0,0%,-90%,Baja,16,"0,27","1,00",,,,,,,,,,,,,,,,
desarrollador roblox,USD,,50.0,0%,0%,Baja,13,"0,23","0,64",,,,,,,,,,,,,,,,
desarrollador ruby,USD,,50.0,0%,0%,Media,37,"0,19","0,64",,,,,,,,,,,,,,,,
desarrollador ruby on rails,USD,,50.0,0%,0%,Media,44,"0,30","2,24",,,,,,,,,,,,,,,,
desarrollador salesforce salario,USD,,50.0,0%,0%,Baja,25,"0,25","3,94",,,,,,,,,,,,,,,,
desarrollador sin experiencia bogotá,USD,,50.0,0%,∞,Baja,20,"0,50","1,00",,,,,,,,,,,,,,,,
desarrollador sin experiencia medellin,USD,,50.0,0%,0%,Baja,10,,,,,,,,,,,,,,,,,,
desarrollador soa,USD,,50.0,0%,0%,Baja,13,"0,20","0,83",,,,,,,,,,,,,,,,
desarrollador spark big data cloudera,USD,,50.0,0%,0%,Media,38,,,,,,,,,,,,,,,,,,
desarrollador sw,USD,,50.0,0%,0%,Media,35,"0,30","2,29",,,,,,,,,,,,,,,,
desarrollador tableau,USD,,50.0,0%,0%,Media,53,"0,31","6,00",,,,,,,,,,,,,,,,
desarrollador tec,USD,,50.0,∞,∞,Baja,15,"0,14","0,50",,,,,,,,,,,,,,,,
desarrollador ti,USD,,50.0,0%,0%,Baja,23,"0,35","1,63",,,,,,,,,,,,,,,,
desarrollador tibco,USD,,50.0,0%,0%,Baja,31,"0,39","9,00",,,,,,,,,,,,,,,,
desarrollador trabajo,USD,,50.0,0%,0%,Baja,14,"0,20","1,00",,,,,,,,,,,,,,,,
desarrollador trainee empleo,USD,,50.0,0%,0%,Media,46,"0,13","1,39",,,,,,,,,,,,,,,,
desarrollador twitter,USD,,50.0,0%,0%,Baja,2,,,,,,,,,,,,,,,,,,
desarrollador ui,USD,,50.0,0%,0%,Baja,22,"0,23","1,23",,,,,,,,,,,,,,,,
desarrollador ui ux,USD,,50.0,0%,0%,Media,47,"0,38","2,15",,,,,,,,,,,,,,,,
desarrollador unity,USD,,50.0,-90%,-90%,Media,36,"0,35","2,82",,,,,,,,,,,,,,,,
desarrollador unity trabajo,USD,,50.0,0%,0%,Baja,8,,,,,,,,,,,,,,,,,,
desarrollador unreal engine,USD,,50.0,0%,0%,Media,46,"0,50","7,04",,,,,,,,,,,,,,,,
desarrollador urbano,USD,,50.0,0%,0%,Baja,11,,,,,,,,,,,,,,,,,,
desarrollador ux,USD,,50.0,0%,0%,Media,50,"0,29","1,97",,,,,,,,,,,,,,,,
desarrollador ux ui,USD,,50.0,0%,0%,Media,62,"0,35","1,91",,,,,,,,,,,,,,,,
desarrollador videojuegos,USD,,50.0,900%,0%,Baja,28,"0,37","1,35",,,,,,,,,,,,,,,,
desarrollador videojuegos empleo,USD,,50.0,0%,0%,Baja,16,,,,,,,,,,,,,,,,,,
desarrollador visual basic,USD,,50.0,0%,0%,Baja,13,,,,,,,,,,,,,,,,,,
desarrollador vtex,USD,,50.0,0%,0%,Media,60,"0,41","2,61",,,,,,,,,,,,,,,,
desarrollador vue,USD,,50.0,0%,0%,Baja,27,"0,25","0,94",,,,,,,,,,,,,,,,
desarrollador web desde casa,USD,,50.0,0%,0%,Baja,31,,,,,,,,,,,,,,,,,,
desarrollador web desde cero,USD,,50.0,-90%,0%,Baja,33,"0,46","1,88",,,,,,,,,,,,,,,,
desarrollador web remoto,USD,,50.0,0%,0%,Media,38,"0,23","1,68",,,,,,,,,,,,,,,,
desarrollador web trainee,USD,,50.0,0%,0%,Media,57,"0,20","1,00",,,,,,,,,,,,,,,,
desarrollador xamarin,USD,,50.0,0%,0%,Baja,32,"0,32","9,07",,,,,,,,,,,,,,,,
desarrollador xiaomi,USD,,50.0,0%,0%,Baja,1,,,,,,,,,,,,,,,,,,
desarrollador y programador,USD,,50.0,0%,0%,Baja,20,"0,12","0,41",,,,,,,,,,,,,,,,
desarrolladora a&l,USD,,50.0,0%,0%,Baja,0,,,,,,,,,,,,,,,,,,
desarrolladora e impulsora de negocios sapi de cv sofom enr,USD,,50.0,0%,0%,Baja,8,,,,,,,,,,,,,,,,,,
desarrolladora e inmobiliaria siglo xxi,USD,,50.0,-100%,-100%,,,,,,,,,,,,,,,,,,,,
desarrolladora m,USD,,50.0,0%,0%,Baja,0,,,,,,,,,,,,,,,,,,
desarrolladora m sa de cv,USD,,50.0,0%,0%,Baja,5,,,,,,,,,,,,,,,,,,
desarrolladora y administradora de comunidades sustentables sc,USD,,50.0,0%,0%,Baja,2,,,,,,,,,,,,,,,,,,
desarrolladora y constructora metropolitana,USD,,50.0,0%,-90%,Baja,4,,,,,,,,,,,,,,,,,,
desarrolladora y operadora de infraestructura de oaxaca,USD,,50.0,0%,0%,Baja,0,,,,,,,,,,,,,,,,,,
desarrolladora y operadora de infraestructura de oaxaca sapi de cv,USD,,50.0,0%,0%,Baja,0,,,,,,,,,,,,,,,,,,
desarrolladora y promotora agropecuaria sa de cv,USD,,50.0,0%,0%,Baja,0,,,,,,,,,,,,,,,,,,
desarrolladores 506,USD,,50.0,0%,0%,Baja,0,,,,,,,,,,,,,,,,,,
desarrolladores con contratos aprobados fovissste,USD,,50.0,0%,0%,Baja,9,,,,,,,,,,,,,,,,,,
desarrolladores khidma,USD,,50.0,0%,0%,Baja,2,,,,,,,,,,,,,,,,,,
desarrolladores y analistas de multimedia,USD,,50.0,0%,0%,Baja,7,,,,,,,,,,,,,,,,,,
desarrolladores y analistas de software,USD,,50.0,0%,∞,Baja,12,"0,29","1,00",,,,,,,,,,,,,,,,
desarrolladores y programadores de software,USD,,50.0,0%,∞,Media,63,"0,24","2,48",,,,,,,,,,,,,,,,
diferencia entre desarrollador backend y frontend,USD,,50.0,0%,0%,Baja,24,"0,26","1,59",,,,,,,,,,,,,,,,
diferencia entre desarrollador web y diseñador web,USD,,50.0,0%,0%,Baja,26,"0,28","1,43",,,,,,,,,,,,,,,,
diplomatura en programación web full stack utn,USD,,50.0,0%,∞,Alta,87,"0,18","0,96",,,,,,,,,,,,,,,,
diseño web con html5 y css3 pdf,USD,,50.0,0%,0%,Media,45,"0,28","0,97",,,,,,,,,,,,,,,,
front end sin experiencia,USD,,50.0,900%,900%,Baja,25,"0,14","1,00",,,,,,,,,,,,,,,,
front programacion,USD,,50.0,0%,0%,Baja,17,"0,20","0,92",,,,,,,,,,,,,,,,
git desarrollador,USD,,50.0,0%,∞,Baja,1,"0,13","0,35",,,,,,,,,,,,,,,,
grupo desarrollador 3000 aguascalientes,USD,,50.0,0%,0%,Baja,0,,,,,,,,,,,,,,,,,,
grupo desarrollador 3000 catalogo,USD,,50.0,0%,∞,Baja,0,,,,,,,,,,,,,,,,,,
grupo desarrollador 3000 puebla,USD,,50.0,0%,0%,Baja,0,,,,,,,,,,,,,,,,,,
grupo desarrollador 3000 tlalnepantla,USD,,50.0,0%,0%,Baja,0,,,,,,,,,,,,,,,,,,
grupo desarrollador 3000 veracruz,USD,,50.0,0%,0%,Baja,0,,,,,,,,,,,,,,,,,,
grupo desarrollador zkc,USD,,50.0,-100%,-100%,,,,,,,,,,,,,,,,,,,,
habilidades de un desarrollador de software,USD,,50.0,0%,900%,Baja,5,"0,25","0,92",,,,,,,,,,,,,,,,
habilidades de un desarrollador web,USD,,50.0,0%,0%,Baja,12,"0,15","1,24",,,,,,,,,,,,,,,,
ke desarrolladora sa de cv,USD,,50.0,0%,0%,Baja,0,,,,,,,,,,,,,,,,,,
laravel desarrollador,USD,,50.0,0%,∞,Baja,4,"0,34","3,48",,,,,,,,,,,,,,,,
microsoft visual c++ desarrollador,USD,,50.0,-90%,∞,Baja,0,,,,,,,,,,,,,,,,,,
microsoft visual studio desarrollador,USD,,50.0,0%,∞,Baja,0,,,,,,,,,,,,,,,,,,
micsa desarrolladora sa de cv,USD,,50.0,0%,0%,,,,,,,,,,,,,,,,,,,,
modo desarrollador r link 2,USD,,50.0,0%,0%,Baja,0,,,,,,,,,,,,,,,,,,
mongodb desarrollador,USD,,50.0,0%,∞,Baja,5,"0,57","6,30",,,,,,,,,,,,,,,,
odoo desarrollador,USD,,50.0,0%,∞,Baja,4,"0,24","1,16",,,,,,,,,,,,,,,,
opciones de desarrollador con una aplicacion de google play store,USD,,50.0,0%,0%,Baja,4,,,,,,,,,,,,,,,,,,
or b desarrolladora,USD,,50.0,0%,0%,Baja,8,,,,,,,,,,,,,,,,,,
os x desarrollador,USD,,50.0,0%,∞,Baja,1,,,,,,,,,,,,,,,,,,
para que sirve el desarrollador de android,USD,,50.0,0%,0%,Baja,5,"0,09","0,84",,,,,,,,,,,,,,,,
para que sirve ser desarrollador en android,USD,,50.0,0%,0%,Baja,5,"0,11","0,34",,,,,,,,,,,,,,,,
para que sirve ser desarrollador en play store,USD,,50.0,0%,0%,Baja,0,,,,,,,,,,,,,,,,,,
parks desarrolladora sa de cv,USD,,50.0,0%,0%,Baja,0,,,,,,,,,,,,,,,,,,
paypal desarrolladores,USD,,50.0,0%,0%,Baja,8,"0,46","3,77",,,,,,,,,,,,,,,,
programacion backend y frontend,USD,,50.0,0%,0%,Media,33,"0,20","1,13",,,,,,,,,,,,,,,,
programador backend y frontend,USD,,50.0,-90%,0%,Baja,15,"0,31","1,51",,,,,,,,,,,,,,,,
programador web jr,USD,,50.0,0%,0%,Baja,24,"0,11","1,00",,,,,,,,,,,,,,,,
programador wordpress freelance,USD,,50.0,0%,0%,Alta,87,"1,45","7,84",,,,,,,,,,,,,,,,
pseint desarrollador,USD,,50.0,0%,∞,Baja,0,,,,,,,,,,,,,,,,,,
python aplicaciones de escritorio,USD,,50.0,0%,0%,Baja,13,"0,15","0,59",,,,,,,,,,,,,,,,
quien es desarrollador de minecraft,USD,,50.0,0%,0%,Baja,0,,,,,,,,,,,,,,,,,,
quien es el desarrollador de android,USD,,50.0,0%,0%,Baja,5,,,,,,,,,,,,,,,,,,
quien es el desarrollador de fortnite,USD,,50.0,0%,-90%,Baja,0,,,,,,,,,,,,,,,,,,
quien es el desarrollador de google,USD,,50.0,0%,0%,Baja,0,,,,,,,,,,,,,,,,,,
quien es el desarrollador de windows,USD,,50.0,0%,0%,Baja,0,,,,,,,,,,,,,,,,,,
quienes son los desarrolladores de google,USD,,50.0,0%,0%,Baja,0,,,,,,,,,,,,,,,,,,
quienes son los desarrolladores de plant vs undead,USD,,50.0,0%,∞,Baja,0,,,,,,,,,,,,,,,,,,
s&p desarrolladores inmobiliarios sac,USD,,50.0,0%,0%,Baja,19,,,,,,,,,,,,,,,,,,
sena programacion de software,USD,,50.0,0%,900%,Baja,18,"0,15","0,40",,,,,,,,,,,,,,,,
sharepoint desarrollador,USD,,50.0,0%,∞,Baja,0,,,,,,,,,,,,,,,,,,
solicita al desarrollador el paquete microsoft vclibs 120.00,USD,,50.0,0%,0%,Baja,0,,,,,,,,,,,,,,,,,,
unity desarrollador,USD,,50.0,0%,∞,Baja,2,"0,45","1,08",,,,,,,,,,,,,,,,
web full stack junior,USD,,50.0,0%,∞,Alta,79,"0,19","1,12",,,,,,,,,,,,,,,,




,,Todo,1812850.0,,,,,,,,,,,,,,,,,,,,,,
2 desarrolladores,USD,,,,,,,,,,,,,,,,,,,,,,,,
3 desarrolladores de software,USD,,,,,,,,,,,,,,,,,,,,,,,,
3 mejores desarrolladoras de videojuegos,USD,,,,,,,,,,,,,,,,,,,,,,,,
3 torres desarrolladora de inmuebles santa tecla,USD,,,,,,,,,,,,,,,,,,,,,,,,
4 meses desarrolladores,USD,,,,,,,,,,,,,,,,,,,,,,,,
5 desarrollador de ruby on rails y de front end,USD,,,,,,,,,,,,,,,,,,,,,,,,
5 mejores desarrolladores,USD,,,,,,,,,,,,,,,,,,,,,,,,
a desarrolladora inmobiliaria,USD,,,,,,,,,,,,,,,,,,,,,,,,
agregar desarrollador a excel,USD,,,,,,,,,,,,,,,,,,,,,,,,
android 5 desarrollador,USD,,,,,,,,,,,,,,,,,,,,,,,,
asphalt 8 desarrolladores,USD,,,,,,,,,,,,,,,,,,,,,,,,
assassins creed 2 desarrolladores,USD,,,,,,,,,,,,,,,,,,,,,,,,
battlefield 6 desarrolladores,USD,,,,,,,,,,,,,,,,,,,,,,,,
como desarrollador de apple,USD,,,,,,,,,,,,,,,,,,,,,,,,
como desarrollador de videojuegos,USD,,,,,,,,,,,,,,,,,,,,,,,,
como desarrollador software,USD,,,,,,,,,,,,,,,,,,,,,,,,
como desarrolladora web,USD,,,,,,,,,,,,,,,,,,,,,,,,
como se abreviatura desarrolladora,USD,,,,,,,,,,,,,,,,,,,,,,,,
crash bandicoot 4 desarrollador,USD,,,,,,,,,,,,,,,,,,,,,,,,
cual es el desarrollador,USD,,,,,,,,,,,,,,,,,,,,,,,,
cual es el desarrollador de linux,USD,,,,,,,,,,,,,,,,,,,,,,,,
cual es el desarrollador de minecraft,USD,,,,,,,,,,,,,,,,,,,,,,,,
cual es el desarrollador de windows,USD,,,,,,,,,,,,,,,,,,,,,,,,
cual es el desarrollador de word,USD,,,,,,,,,,,,,,,,,,,,,,,,
cual es el desarrollador web,USD,,,,,,,,,,,,,,,,,,,,,,,,
cuales son los desarrollador de software,USD,,,,,,,,,,,,,,,,,,,,,,,,
cuales son los desarrolladores,USD,,,,,,,,,,,,,,,,,,,,,,,,
cuales son los desarrolladores de videojuegos,USD,,,,,,,,,,,,,,,,,,,,,,,,
cuanto cuesta desarrollador web,USD,,,,,,,,,,,,,,,,,,,,,,,,
cuanto gana desarrollador de videojuegos,USD,,,,,,,,,,,,,,,,,,,,,,,,
cuantos desarrolladores de software hay en colombia,USD,,,,,,,,,,,,,,,,,,,,,,,,
cuantos desarrolladores de software hay en mexico,USD,,,,,,,,,,,,,,,,,,,,,,,,
cuantos desarrolladores de videojuegos hay,USD,,,,,,,,,,,,,,,,,,,,,,,,
cuantos desarrolladores tiene ethereum,USD,,,,,,,,,,,,,,,,,,,,,,,,
cuantos tipos de desarrollador existen,USD,,,,,,,,,,,,,,,,,,,,,,,,
cuál es el desarrollador de software,USD,,,,,,,,,,,,,,,,,,,,,,,,
de donde proviene la palabra desarrollador,USD,,,,,,,,,,,,,,,,,,,,,,,,
desarrollador 4gl,USD,,,,,,,,,,,,,,,,,,,,,,,,
desarrollador 5 estrellas 2017,USD,,,,,,,,,,,,,,,,,,,,,,,,
desarrollador 6 meses,USD,,,,,,,,,,,,,,,,,,,,,,,,
desarrollador a de software,USD,,,,,,,,,,,,,,,,,,,,,,,,
desarrollador a de videojuegos,USD,,,,,,,,,,,,,,,,,,,,,,,,
desarrollador a ingles,USD,,,,,,,,,,,,,,,,,,,,,,,,
desarrollador a que se dedica,USD,,,,,,,,,,,,,,,,,,,,,,,,
desarrollador al ingles,USD,,,,,,,,,,,,,,,,,,,,,,,,
desarrollador android como,USD,,,,,,,,,,,,,,,,,,,,,,,,
desarrollador blockchain,USD,,,,,,,,,,,,,,,,,,,,,,,,
desarrollador blockchain empleo,USD,,,,,,,,,,,,,,,,,,,,,,,,
desarrollador blockchain salario,USD,,,,,,,,,,,,,,,,,,,,,,,,
desarrollador como front end,USD,,,,,,,,,,,,,,,,,,,,,,,,
desarrollador como se dice en ingles,USD,,,,,,,,,,,,,,,,,,,,,,,,
desarrollador como ser,USD,,,,,,,,,,,,,,,,,,,,,,,,
desarrollador con excel,USD,,,,,,,,,,,,,,,,,,,,,,,,
desarrollador con google,USD,,,,,,,,,,,,,,,,,,,,,,,,
desarrollador con php,USD,,,,,,,,,,,,,,,,,,,,,,,,
desarrollador criptomonedas,USD,,,,,,,,,,,,,,,,,,,,,,,,
desarrollador cuanto cuesta,USD,,,,,,,,,,,,,,,,,,,,,,,,
desarrollador de quattro pro,USD,,,,,,,,,,,,,,,,,,,,,,,,
desarrollador de software desde casa,USD,,,,,,,,,,,,,,,,,,,,,,,,
desarrollador de trabajo,USD,,,,,,,,,,,,,,,,,,,,,,,,
desarrollador de zona franca,USD,,,,,,,,,,,,,,,,,,,,,,,,
desarrollador en android 6.0,USD,,,,,,,,,,,,,,,,,,,,,,,,
desarrollador en catalan,USD,,,,,,,,,,,,,,,,,,,,,,,,
desarrollador en galego,USD,,,,,,,,,,,,,,,,,,,,,,,,
desarrollador en iphone 6,USD,,,,,,,,,,,,,,,,,,,,,,,,
desarrollador es aguda,USD,,,,,,,,,,,,,,,,,,,,,,,,
desarrollador es igual a,USD,,,,,,,,,,,,,,,,,,,,,,,,
desarrollador es palabra aguda,USD,,,,,,,,,,,,,,,,,,,,,,,,
desarrollador es un adjetivo,USD,,,,,,,,,,,,,,,,,,,,,,,,
desarrollador google chrome,USD,,,,,,,,,,,,,,,,,,,,,,,,
desarrollador google earth,USD,,,,,,,,,,,,,,,,,,,,,,,,
desarrollador hardware,USD,,,,,,,,,,,,,,,,,,,,,,,,
desarrollador html css,USD,,,,,,,,,,,,,,,,,,,,,,,,
desarrollador html empleo,USD,,,,,,,,,,,,,,,,,,,,,,,,
desarrollador huawei p30,USD,,,,,,,,,,,,,,,,,,,,,,,,
desarrollador identificado mac,USD,,,,,,,,,,,,,,,,,,,,,,,,
desarrollador java desde cero,USD,,,,,,,,,,,,,,,,,,,,,,,,
desarrollador kafka,USD,,,,,,,,,,,,,,,,,,,,,,,,
desarrollador kotlin empleo,USD,,,,,,,,,,,,,,,,,,,,,,,,
desarrollador kotlin jr,USD,,,,,,,,,,,,,,,,,,,,,,,,
desarrollador kotlin junior,USD,,,,,,,,,,,,,,,,,,,,,,,,
desarrollador kotlin sueldo,USD,,,,,,,,,,,,,,,,,,,,,,,,
desarrollador lenguaje c,USD,,,,,,,,,,,,,,,,,,,,,,,,
desarrollador linkedin,USD,,,,,,,,,,,,,,,,,,,,,,,,
desarrollador low code,USD,,,,,,,,,,,,,,,,,,,,,,,,
desarrollador magento 2,USD,,,,,,,,,,,,,,,,,,,,,,,,
desarrollador manos fuera,USD,,,,,,,,,,,,,,,,,,,,,,,,
desarrollador miui,USD,,,,,,,,,,,,,,,,,,,,,,,,
desarrollador miui 12,USD,,,,,,,,,,,,,,,,,,,,,,,,
desarrollador navision,USD,,,,,,,,,,,,,,,,,,,,,,,,
desarrollador no fiable ios,USD,,,,,,,,,,,,,,,,,,,,,,,,
desarrollador no fiable ipad,USD,,,,,,,,,,,,,,,,,,,,,,,,
desarrollador o arquitecto de software,USD,,,,,,,,,,,,,,,,,,,,,,,,
desarrollador o developer,USD,,,,,,,,,,,,,,,,,,,,,,,,
desarrollador o programación,USD,,,,,,,,,,,,,,,,,,,,,,,,
desarrollador opera,USD,,,,,,,,,,,,,,,,,,,,,,,,
desarrollador outsystems,USD,,,,,,,,,,,,,,,,,,,,,,,,
desarrollador para aplicaciones android,USD,,,,,,,,,,,,,,,,,,,,,,,,
desarrollador para app,USD,,,,,,,,,,,,,,,,,,,,,,,,
desarrollador para celular,USD,,,,,,,,,,,,,,,,,,,,,,,,
desarrollador para ecommerce,USD,,,,,,,,,,,,,,,,,,,,,,,,
desarrollador para excel,USD,,,,,,,,,,,,,,,,,,,,,,,,
desarrollador para iphone 6,USD,,,,,,,,,,,,,,,,,,,,,,,,
desarrollador para motorola,USD,,,,,,,,,,,,,,,,,,,,,,,,
desarrollador para pelo,USD,,,,,,,,,,,,,,,,,,,,,,,,
desarrollador pega,USD,,,,,,,,,,,,,,,,,,,,,,,,
desarrollador por horas,USD,,,,,,,,,,,,,,,,,,,,,,,,
desarrollador por web,USD,,,,,,,,,,,,,,,,,,,,,,,,
desarrollador pro c,USD,,,,,,,,,,,,,,,,,,,,,,,,
desarrollador q significa,USD,,,,,,,,,,,,,,,,,,,,,,,,
desarrollador qlik sense,USD,,,,,,,,,,,,,,,,,,,,,,,,
desarrollador que hace,USD,,,,,,,,,,,,,,,,,,,,,,,,
desarrollador queretaro,USD,,,,,,,,,,,,,,,,,,,,,,,,
desarrollador quien es,USD,,,,,,,,,,,,,,,,,,,,,,,,
desarrollador quito,USD,,,,,,,,,,,,,,,,,,,,,,,,
desarrollador r,USD,,,,,,,,,,,,,,,,,,,,,,,,
desarrollador realidad aumentada,USD,,,,,,,,,,,,,,,,,,,,,,,,
desarrollador sin experiencia cdmx,USD,,,,,,,,,,,,,,,,,,,,,,,,
desarrollador sin experiencia colombia,USD,,,,,,,,,,,,,,,,,,,,,,,,
desarrollador sin experiencia empleo,USD,,,,,,,,,,,,,,,,,,,,,,,,
desarrollador sin experiencia remoto,USD,,,,,,,,,,,,,,,,,,,,,,,,
desarrollador sin experiencia trabajo,USD,,,,,,,,,,,,,,,,,,,,,,,,
desarrollador solaris,USD,,,,,,,,,,,,,,,,,,,,,,,,
desarrollador traducción al ingles,USD,,,,,,,,,,,,,,,,,,,,,,,,
desarrollador traducido al ingles,USD,,,,,,,,,,,,,,,,,,,,,,,,
desarrollador vba,USD,,,,,,,,,,,,,,,,,,,,,,,,
desarrollador visual,USD,,,,,,,,,,,,,,,,,,,,,,,,
desarrollador visual basic 6,USD,,,,,,,,,,,,,,,,,,,,,,,,
desarrollador web a los 40,USD,,,,,,,,,,,,,,,,,,,,,,,,
desarrollador web como funciona,USD,,,,,,,,,,,,,,,,,,,,,,,,
desarrollador web con laravel,USD,,,,,,,,,,,,,,,,,,,,,,,,
desarrollador web junior madrid,USD,,,,,,,,,,,,,,,,,,,,,,,,
desarrollador web zaragoza,USD,,,,,,,,,,,,,,,,,,,,,,,,
desarrollador windows 10,USD,,,,,,,,,,,,,,,,,,,,,,,,
desarrollador word 2007,USD,,,,,,,,,,,,,,,,,,,,,,,,
desarrollador xamarin empleo,USD,,,,,,,,,,,,,,,,,,,,,,,,
desarrollador xamarin trabajo,USD,,,,,,,,,,,,,,,,,,,,,,,,
desarrollador xamarin vacantes,USD,,,,,,,,,,,,,,,,,,,,,,,,
desarrollador xbox,USD,,,,,,,,,,,,,,,,,,,,,,,,
desarrollador xbox 360,USD,,,,,,,,,,,,,,,,,,,,,,,,
desarrollador xml,USD,,,,,,,,,,,,,,,,,,,,,,,,
desarrollador y analista de software,USD,,,,,,,,,,,,,,,,,,,,,,,,
desarrollador y arquitecto de software,USD,,,,,,,,,,,,,,,,,,,,,,,,
desarrollador y constructora,USD,,,,,,,,,,,,,,,,,,,,,,,,
desarrollador y diseñador web,USD,,,,,,,,,,,,,,,,,,,,,,,,
desarrollador y fabricante del computador,USD,,,,,,,,,,,,,,,,,,,,,,,,
desarrollador y programación,USD,,,,,,,,,,,,,,,,,,,,,,,,
desarrollador y tester,USD,,,,,,,,,,,,,,,,,,,,,,,,
desarrollador zacatecas,USD,,,,,,,,,,,,,,,,,,,,,,,,
desarrollador zoho,USD,,,,,,,,,,,,,,,,,,,,,,,,
desarrolladora 3 mil,USD,,,,,,,,,,,,,,,,,,,,,,,,
desarrolladora 3 norte sa de cv,USD,,,,,,,,,,,,,,,,,,,,,,,,
desarrolladora 3 torres,USD,,,,,,,,,,,,,,,,,,,,,,,,
desarrolladora a 45,USD,,,,,,,,,,,,,,,,,,,,,,,,
desarrolladora como se abreviatura,USD,,,,,,,,,,,,,,,,,,,,,,,,
desarrolladora e inmobiliaria urbitlan sa de cv,USD,,,,,,,,,,,,,,,,,,,,,,,,
desarrolladora e instalaciones electricas sa de cv,USD,,,,,,,,,,,,,,,,,,,,,,,,
desarrolladora es un sustantivo,USD,,,,,,,,,,,,,,,,,,,,,,,,
desarrolladora g group,USD,,,,,,,,,,,,,,,,,,,,,,,,
desarrolladora ja inc,USD,,,,,,,,,,,,,,,,,,,,,,,,
desarrolladora o inmobiliaria,USD,,,,,,,,,,,,,,,,,,,,,,,,
desarrolladores 506 correo,USD,,,,,,,,,,,,,,,,,,,,,,,,
desarrolladores 5g,USD,,,,,,,,,,,,,,,,,,,,,,,,
desarrolladores khidma sa de cv,USD,,,,,,,,,,,,,,,,,,,,,,,,
desarrolladores por paises,USD,,,,,,,,,,,,,,,,,,,,,,,,
desarrolladores zona 14,USD,,,,,,,,,,,,,,,,,,,,,,,,
diablo 3 desarrolladores,USD,,,,,,,,,,,,,,,,,,,,,,,,
diferencia entre desarrollador de software y programa,USD,,,,,,,,,,,,,,,,,,,,,,,,
diferencia entre desarrollador junior y senior,USD,,,,,,,,,,,,,,,,,,,,,,,,
diferencia entre desarrollador y arquitecto de software,USD,,,,,,,,,,,,,,,,,,,,,,,,
diferencia entre desarrollador y constructor,USD,,,,,,,,,,,,,,,,,,,,,,,,
diferencia entre desarrollador y consultor,USD,,,,,,,,,,,,,,,,,,,,,,,,
donde esta desarrollador en excel,USD,,,,,,,,,,,,,,,,,,,,,,,,
donde esta desarrollador en word,USD,,,,,,,,,,,,,,,,,,,,,,,,
donde estudiar desarrollador de aplicaciones,USD,,,,,,,,,,,,,,,,,,,,,,,,
donde estudiar desarrollador de videojuegos,USD,,,,,,,,,,,,,,,,,,,,,,,,
donde estudiar desarrollador full stack,USD,,,,,,,,,,,,,,,,,,,,,,,,
donde estudiar desarrollador java,USD,,,,,,,,,,,,,,,,,,,,,,,,
e desarrollador de software,USD,,,,,,,,,,,,,,,,,,,,,,,,
e desarrolladora inmobiliaria,USD,,,,,,,,,,,,,,,,,,,,,,,,
el desarrollador de software,USD,,,,,,,,,,,,,,,,,,,,,,,,
es desarrollador de software,USD,,,,,,,,,,,,,,,,,,,,,,,,
es desarrollador web,USD,,,,,,,,,,,,,,,,,,,,,,,,
f&g desarrollador inmobiliario,USD,,,,,,,,,,,,,,,,,,,,,,,,
ge grupo desarrollador sa de cv,USD,,,,,,,,,,,,,,,,,,,,,,,,
grupo 450 desarrollador,USD,,,,,,,,,,,,,,,,,,,,,,,,
grupo desarrollador 57,USD,,,,,,,,,,,,,,,,,,,,,,,,
grupo desarrollador zazueta y asociados,USD,,,,,,,,,,,,,,,,,,,,,,,,
informacion sobre desarrollador de software,USD,,,,,,,,,,,,,,,,,,,,,,,,
informacion sobre desarrollador web,USD,,,,,,,,,,,,,,,,,,,,,,,,
ios 14 desarrollador,USD,,,,,,,,,,,,,,,,,,,,,,,,
licencia de desarrollador que es,USD,,,,,,,,,,,,,,,,,,,,,,,,
m tres desarrolladora sa de cv,USD,,,,,,,,,,,,,,,,,,,,,,,,
magento 2 desarrollador,USD,,,,,,,,,,,,,,,,,,,,,,,,
mkn d desarrolladora,USD,,,,,,,,,,,,,,,,,,,,,,,,
modo de desarrollador que es,USD,,,,,,,,,,,,,,,,,,,,,,,,
modo desarrollador con activos odoo,USD,,,,,,,,,,,,,,,,,,,,,,,,
modo desarrollador zte,USD,,,,,,,,,,,,,,,,,,,,,,,,
moto g 2 desarrollador,USD,,,,,,,,,,,,,,,,,,,,,,,,
notas de desarrollador 7ds,USD,,,,,,,,,,,,,,,,,,,,,,,,
o desarrollador de software,USD,,,,,,,,,,,,,,,,,,,,,,,,
o desarrollador full stack,USD,,,,,,,,,,,,,,,,,,,,,,,,
o desarrollador web,USD,,,,,,,,,,,,,,,,,,,,,,,,
oculus quest 2 desarrollador,USD,,,,,,,,,,,,,,,,,,,,,,,,
opciones de desarrollador por defecto,USD,,,,,,,,,,,,,,,,,,,,,,,,
opciones de desarrollador que activar,USD,,,,,,,,,,,,,,,,,,,,,,,,
opciones de desarrollador que es,USD,,,,,,,,,,,,,,,,,,,,,,,,
opciones de desarrollador que hace,USD,,,,,,,,,,,,,,,,,,,,,,,,
opciones de desarrollador que significa,USD,,,,,,,,,,,,,,,,,,,,,,,,
para que es desarrollador de software,USD,,,,,,,,,,,,,,,,,,,,,,,,
para que sirve desarrollador de software,USD,,,,,,,,,,,,,,,,,,,,,,,,
para que sirve desarrollador de videojuegos,USD,,,,,,,,,,,,,,,,,,,,,,,,
para que sirve desarrollador web,USD,,,,,,,,,,,,,,,,,,,,,,,,
para que sirve el desarrollador en word,USD,,,,,,,,,,,,,,,,,,,,,,,,
por que ser desarrollador,USD,,,,,,,,,,,,,,,,,,,,,,,,
programador c desarrollador,USD,,,,,,,,,,,,,,,,,,,,,,,,
q significa desarrollador de software,USD,,,,,,,,,,,,,,,,,,,,,,,,
que desarrollador,USD,,,,,,,,,,,,,,,,,,,,,,,,
que desarrollador de software,USD,,,,,,,,,,,,,,,,,,,,,,,,
que desarrollador front end,USD,,,,,,,,,,,,,,,,,,,,,,,,
que desarrollador web,USD,,,,,,,,,,,,,,,,,,,,,,,,
que desarrollador web es mejor,USD,,,,,,,,,,,,,,,,,,,,,,,,
que desarrolladora de videojuegos,USD,,,,,,,,,,,,,,,,,,,,,,,,
que es desarrollador de android,USD,,,,,,,,,,,,,,,,,,,,,,,,
que es desarrollador de negocios,USD,,,,,,,,,,,,,,,,,,,,,,,,
que es desarrolladores de software,USD,,,,,,,,,,,,,,,,,,,,,,,,
quien es desarrollador de software,USD,,,,,,,,,,,,,,,,,,,,,,,,
quien es el desarrollador de love alarm,USD,,,,,,,,,,,,,,,,,,,,,,,,
quienes somos empresa desarrolladora de software,USD,,,,,,,,,,,,,,,,,,,,,,,,
quienes son los desarrolladores de among us,USD,,,,,,,,,,,,,,,,,,,,,,,,
quienes son los desarrolladores de bing,USD,,,,,,,,,,,,,,,,,,,,,,,,
quienes son los desarrolladores de bitcoin,USD,,,,,,,,,,,,,,,,,,,,,,,,
quienes son los desarrolladores de facebook,USD,,,,,,,,,,,,,,,,,,,,,,,,
quienes son los desarrolladores de minecraft,USD,,,,,,,,,,,,,,,,,,,,,,,,
redmi note 8 desarrollador,USD,,,,,,,,,,,,,,,,,,,,,,,,
relacion entre desarrollador php y golang,USD,,,,,,,,,,,,,,,,,,,,,,,,
s2 m desarrolladora inmobiliaria,USD,,,,,,,,,,,,,,,,,,,,,,,,
san desarrolladores sa de cv,USD,,,,,,,,,,,,,,,,,,,,,,,,
sims 3 desarrollador de videojuegos,USD,,,,,,,,,,,,,,,,,,,,,,,,
solicita al desarrollador el paquete,USD,,,,,,,,,,,,,,,,,,,,,,,,
todo sobre desarrollador de videojuegos,USD,,,,,,,,,,,,,,,,,,,,,,,,
trabajo desarrollador desde casa,USD,,,,,,,,,,,,,,,,,,,,,,,,
windows 7 desarrollador,USD,,,,,,,,,,,,,,,,,,,,,,,,
xbox series s desarrolladores,USD,,,,,,,,,,,,,,,,,,,,,,,,
zitum desarrolladores sa de cv,USD,,,,,,,,,,,,,,,,,,,,,,,,
zitum desarrolladores sa de cv telefono,USD,,,,,,,,,,,,,,,,,,,,,,,,
dwa_desarrollador,,,,,,,,,,,,,,,,,,,,,,,,,
1 de diciembre de 2020 - 30 de noviembre de 2021,,,,,,,,,,,,,,,,,,,,,,,,,